day,cash_reserve,total_deposits,loan_assets,daily_deposits,daily_withdrawals,new_loans,loan_repayments,loan_defaults,liquidity_ratio
1,1027113.9500241661,10037093.944251101,5009979.994226934,106094.34159508863,69000.39734398761,57504.51195806457,47524.51773112971,0.0,0.10233180597183324
2,995902.3664711392,10012854.344034674,5016951.977563533,73956.40986275364,98196.01007918213,46837.574076564175,39865.590739965686,0.0,0.09946238427651401
3,993065.603551544,10015997.505146207,5014256.80817214,117587.95949725657,114444.79838572371,50660.30697561216,49017.929655744265,4337.546711260228,0.09914794837371996
4,976527.0426654962,9994592.88628648,5005890.009308323,82814.15074233523,104218.76960206247,40411.17399171001,47027.60241045818,1750.3704450687355,0.09770553476023851
5,971391.3847613989,10012918.877625674,5029351.658551615,96302.75272909479,77976.76138990147,62225.4133867403,38763.76414344958,0.0,0.09701380752539776
6,941534.2993468883,9997568.476977076,5035550.133287448,92957.3289902354,108307.72963883371,53654.44064364078,43301.86089276791,4154.105015039413,0.09417632912593725
7,983059.9751257678,10055561.8044041,5041857.990709839,142832.95201740923,84839.62459038461,44877.57270928463,33489.81817401698,5079.897112877478,0.0977628097015137
8,1000040.8585265293,10085989.93669989,5044799.3117266195,122579.44585441783,92151.31355862813,41598.43523037472,33404.150274470085,5252.963939123505,0.09915148287900634
9,1002256.0438546852,10092276.163416328,5043703.4950234955,114865.08342406884,108578.85670762988,43344.90292711306,41857.29058453376,2583.4290457036413,0.09930921703151376
10,980701.5540099444,10079864.215902204,5048170.246659223,104373.77193458026,116785.71944870474,52235.955487746825,45431.30850457516,2337.8953474444575,0.09729313143551768
11,977715.9248054788,10074864.39823004,5046156.058191525,105782.38797379969,110782.2056459635,35428.44180144333,37442.63026914159,0.0,0.09704507040087255
12,938099.4703104316,10073965.39754584,5071190.728456457,87222.44303513315,88121.4437193329,64949.41311234396,33073.351074454054,6841.391772957404,0.09312117257609062
13,905320.3157286198,10053680.127863169,5072572.347557669,66342.60456768391,86627.87425035563,51627.53065105005,44689.77865087423,5556.132898964275,0.09004864927217836
14,935349.2338399403,10083265.199373377,5070041.544205373,115866.94470399851,86281.87319378906,45376.48207335433,46863.80705005723,1043.4783755919257,0.09276253429276732
15,943627.3678553622,10091083.653256707,5064157.606712574,74486.27353324156,66667.81964991298,40805.47713998389,43977.28595243011,2712.1286803528264,0.09351100439553132
16,966084.4500347036,10120574.676496476,5070285.013170203,113809.70708135536,84318.68384158664,51585.396910767144,45004.7231517387,453.26730139880806,0.09545746965123339
17,987344.7386261821,10151258.32977429,5079708.377856539,109135.50475114823,78451.85147333372,46369.461534349284,36946.09684801337,0.0,0.09726328564905463
18,843670.8991567277,10018096.114101015,5081754.689892419,109739.44961571164,242901.6652889866,50124.941187276876,43845.97327124727,4232.65588014972,0.08421469404443176
19,858035.9758821094,10038865.953393206,5088159.452459228,113307.70217945572,92537.8628872644,45767.01687955846,39362.25431274881,0.0,0.08547140482457456
20,870331.87883231,10047991.194253605,5084988.790369426,71057.75055153825,61932.50969113994,40027.53172398519,43198.19381378749,0.0,0.08661750015565782
21,834750.6845652215,10012947.235728165,5085526.026111075,92436.7489192122,127480.70744465163,46437.36028938574,45900.12454773669,0.0,0.08336713106673198
22,859505.2806392983,10037589.035943577,5085413.23025241,95891.2488426474,71249.44862723547,46609.66924099438,46722.465099659166,0.0,0.08562865819286862
23,849262.7526351996,10045334.118756188,5098679.5459919805,108688.47287091715,100943.39005830695,44058.500443032055,28431.53716489236,2360.6475385693475,0.0845430069916236
24,839648.4809827539,10033927.359291045,5095280.614454013,89410.14581872395,100816.9052838676,50218.521455234426,52814.23113056732,803.2218626348786,0.08368094076396422
25,812194.6177890416,10013975.5185647,5090431.524462235,79530.0501475627,99481.8908739079,52199.96683971765,50873.50060192349,6175.556229572892,0.08110611178181243
26,784519.0849727732,9989530.3674672,5093661.906181005,107137.42118299019,131582.57228048905,38112.36945677149,34881.98773800202,0.0,0.07853413084640179
27,798010.7515536314,10021151.325092992,5111791.197225939,92203.80393688464,60582.84631109228,56351.509468144046,38222.218423209815,0.0,0.07963264156638471
28,755884.5928677794,9998001.897282586,5097629.303441312,79688.41837584917,102837.84618625489,58381.26567894381,55973.84713353429,16569.31233003665,0.07560356565577625
29,807373.3890401598,10036028.538948903,5084167.148935248,108288.18866551993,70261.54699920339,28679.53719268691,42141.691698750685,0.0,0.0804474983213547
30,816519.1716862995,10048023.813721804,5081446.155387556,91692.85479640629,79697.5800235048,48592.09113583615,48527.84184630115,2785.242837226723,0.08126166764963702
31,845363.0976947196,10075742.460801676,5076858.701967191,96827.30325922623,69108.6561793547,33253.170552956435,36109.53672741335,1731.0872459083976,0.08390082428004599
32,858643.0730309513,10112844.19603645,5100680.461865735,135358.59827159764,98256.86303682215,59827.39511023057,36005.635211686786,0.0,0.08490619022564208
33,818423.1526228691,10116672.512405196,5132343.8066052,80697.66475535257,76869.34838660617,71284.69732435164,33428.90656620491,6192.446018681725,0.08089845268978589
34,765176.4835276263,10080324.6435216,5145650.232078201,81941.45643825947,118289.3253218561,53849.50966105863,38746.89681873527,1796.18736932283,0.07590792068580729
35,730673.9132752562,10061077.08457596,5160905.243384931,86904.24609141219,106151.80503705202,45450.1651965922,30195.153889862013,0.0,0.07262382617020288
36,683670.2367768114,10030051.561520142,5170025.135431531,103451.75835444238,134477.28141026088,51599.916135734384,39050.89339112094,3429.1306980127147,0.06816218566609195
37,708121.5088733599,10055687.033820182,5162921.771250406,126120.03483413649,100484.5625340964,45890.72769166263,48850.30968047911,4143.782192308067,0.07042000277969497
38,720300.5448448155,10086821.292729555,5161367.71486601,130715.11983991985,99580.86093054766,37755.309682795,29054.72640603468,10254.639661156249,0.07141006308538433
39,769785.2671418439,10130782.587477285,5155844.287316713,134473.31441566593,90512.01966793499,46168.126788640126,51691.55433793762,0.0,0.0759847781249772
40,733529.847682959,10101804.877230942,5160756.4255145,82105.45962088347,111083.16986722611,46053.9487714041,39959.02506623943,1182.7855073774372,0.07261374146478572
41,704339.9534032922,10078369.321674079,5166510.764237302,106751.49097597867,130187.04653284291,50905.84906901746,45151.51034621486,0.0,0.06988630113887284
42,724279.8709943219,10103475.710392797,5171018.469772,99025.63196139764,73919.24324267822,37811.86939576372,32974.781064569994,329.3827964959396,0.0716862089596852
43,766216.4348641281,10159953.579183407,5184836.505636423,118318.05084712026,61840.1820565109,50306.31492594418,36126.644533331375,361.63452819019585,0.07541534800257539
44,753208.6789366953,10171555.849764401,5209446.532144849,120055.15650609208,108452.88592509815,63373.98107442744,38763.95456600079,0.0,0.07405048844657738
45,724775.7957467614,10166016.25364501,5227434.921399115,95522.82366239002,101062.41978178054,51765.73358453711,31324.895422133068,2452.4489081393713,0.07129398356872527
46,635246.0353016503,10112643.96930944,5262466.231124148,104564.5666027781,157936.850938348,68768.4461128167,33174.05319552944,563.0831922541195,0.06281700782006559
47,622235.6495451997,10103142.804621788,5265975.452192945,70731.15996325994,80232.32465091284,53156.050035903405,49646.82896710587,0.0,0.061588325690155696
48,650962.2903978828,10148742.101563899,5282848.108282373,86917.07119864407,41317.77425653363,48373.340794550924,31500.684705123494,0.0,0.06414216499772626
49,623976.3250811418,10138561.44985686,5274360.950771793,82462.78443664823,92643.43614368608,32422.716086433687,28263.638036872075,12646.235560141491,0.061544858032097964
50,625518.9149877373,10145232.637692746,5279489.548701082,74251.54837451938,67580.360538634,68369.13528321314,63240.53735392325,0.0,0.061656438775364975
51,578659.6032366927,10134328.769783473,5313897.771002275,92635.02086423938,103538.88877351274,67286.97644405592,32105.1433725741,773.6107702894512,0.05709895705791832
52,581028.1798924347,10144006.369443042,5321206.794006102,115546.75152123488,105869.15186166546,46238.43928769901,38929.41628387167,0.0,0.0572779786143151
53,566802.3830036249,10150902.581813773,5333613.418040192,95236.52512050669,88340.31274977612,52321.69889626256,35557.38224944787,4357.692612725696,0.05583763398725752
54,573078.2228994836,10172271.164978458,5344705.317378103,120254.31635639656,98885.73319171165,53517.56408399204,40425.24278062294,2000.4219654570709,0.056337293177211256
55,553586.1436299975,10154927.647765769,5327120.330410146,85568.83932914305,102912.3565418327,49027.13401586511,56745.34647144476,9866.774512376212,0.054514041146496446
56,592719.0171423062,10186721.009059267,5313153.325939866,107716.93105113001,75923.56975763082,38875.88528016582,49529.14362471092,3313.7461257356927,0.058185456990054854
57,635297.5127746263,10244938.526801454,5328792.348049733,109602.86806783221,51385.35032564518,59274.384815581805,43635.362705714906,0.0,0.062010866254848175
58,609929.4903870532,10233915.100543542,5340171.826860054,90569.50385100102,101592.93010891299,50524.66798356244,37662.63051357156,1482.5586596701958,0.05959884212393542
59,560011.9440855202,10230061.490176842,5384604.265439985,94960.45243586229,98814.06280256172,64714.91972993157,19466.73247254962,815.7486774515787,0.054741796481209574
60,537167.7369056053,10231191.888862113,5401298.916468031,103530.24842744894,102399.84974217748,46280.8541867871,25946.22574017134,3639.9774185705483,0.05250294811598415
61,592101.4161189717,10309085.4282683,5420872.02011914,134547.0042832837,56653.46487709656,58638.280136981884,37371.79821501685,1693.3782708557635,0.05743491216935542
62,555404.088175652,10301388.862363119,5428549.666103179,78942.02978592101,86638.59569110308,63000.44594698958,44661.24193590166,10661.558027049721,0.05391545699287808
63,542907.8181062096,10318959.933169434,5446337.125210965,123548.23777955388,105977.16697323941,67439.34526167793,43511.94526990639,6139.940883985295,0.052612649106338505
64,545203.663348797,10316364.868702259,5441446.215501203,94068.58092930583,96663.64539648012,43025.76176699723,47916.67147675883,0.0,0.05284842774443093
65,543808.1968217221,10341778.151988242,5446048.503737792,115647.00684835322,90233.72356237101,61712.4709346732,46006.951909850075,11103.230788234008,0.05258362622265042
66,584018.1712240494,10400694.652202345,5464755.029549569,114615.4938227729,55698.993608668985,49330.46827101799,30623.942459241473,0.0,0.05615184280988229
67,590020.0495070243,10419980.875595437,5473711.553730925,130224.56866553443,110938.3452724424,43010.69571421254,31890.261068476808,2163.910464381304,0.05662390906003543
68,510028.749166478,10348910.981042672,5472545.344796461,7151.598512320208,78221.49306508547,53120.09471551244,49242.49628885357,5043.807361122199,0.04928332556930465
69,444103.52891115914,10300476.022644954,5469873.509837549,54174.209828038,102609.1682257565,50720.33573232578,43311.122282981545,10081.048408256036,0.04311485487999052
70,384674.7853410093,10278988.842738636,5489055.583020847,58735.234463905144,80222.41437022237,55909.06322793355,27347.244804368464,9379.745240267544,0.037423407226748216
71,370754.5063039398,10270191.375346564,5479493.679105955,107367.13225401317,116164.5996460851,44290.56338478206,46510.10951972968,7342.357779945191,0.03610005819306642
72,353679.4932796852,10273988.91343184,5497841.517017889,104657.56040274337,100860.0223174674,52703.43239281726,33093.23788208495,1262.3565987982354,0.03442474936071787
73,316202.71004846826,10266353.616173955,5524933.093294417,96949.54935095282,104584.84660883738,59998.242469102945,31531.711344172727,1374.9548484021118,0.030799904413024697
74,363040.55047708796,10319572.432847448,5518870.217634438,129629.11095317946,76410.2942796859,41777.4998270968,41618.449534649546,6221.925952426601,0.035179805446349806
75,318441.0950302112,10291576.939197736,5525933.014418362,100228.52111121318,128224.01476092474,58567.939825665264,46734.560535120494,4770.582506620467,0.03094191462703429
76,397992.4570715862,10348259.043426309,5503063.756605559,146553.06200692168,89870.9577783489,29964.77707933486,52834.034892137126,0.0,0.03845984676276628
77,368420.7165346738,10322677.885191657,5507054.338907819,102157.60888686066,127738.76712151317,33977.40458941075,29986.822287150884,0.0,0.03569042070596718
78,333515.3905902412,10300804.244240724,5520086.023901318,84117.27419949153,105990.91515042484,55241.87842812771,42210.19343462843,0.0,0.03237760690158856
79,230039.62933449153,10204445.404605964,5516183.409260096,0.0,96358.83963475956,45282.239663616645,43675.086173732896,5509.768131106351,0.02254308002183626
80,210749.53474492987,10193206.906112742,5524235.005356436,102764.82864117363,114003.32713439634,52292.113741150686,44240.517644811734,0.0,0.02067548875305827
81,181276.85364124546,10189695.275419688,5540984.383209745,96407.77172337082,99919.40241642392,58205.28475417419,36850.07062220342,4605.836278660563,0.01779021342066376
82,149658.95859746716,10192317.053764584,5575224.056598419,94683.22416169241,92061.44581679674,58295.19042024073,24055.517031566753,0.0,0.014683506979621466
83,185558.18957610495,10226013.748811934,5571870.361330958,70356.29205114358,36659.59700379238,43217.35559844823,45995.47119782193,575.5796680871263,0.018145701163140255
84,134685.6595488392,10207739.113033002,5586932.396683597,103955.80163883705,122230.43741776982,63276.861322676916,39446.89652219088,8767.929447846986,0.013194465302985233
85,146562.85973467518,10235516.60179737,5602832.68526213,101842.53316868219,74065.04440431345,44055.99647801265,28155.707899479872,0.0,0.01431904860658802
86,82083.6127127458,10213266.642551417,5637133.698355505,92839.66623851142,115089.62548446504,67207.69831165984,28942.547876983677,3964.1373412995945,0.008036959729491618
87,24427.441660269655,10185588.336556686,5653828.593497566,79189.12121684931,106867.42721158004,48689.13349312273,25352.753393219755,6641.484957842422,0.0023982357084468163
88,21998.73905935577,10191835.82825985,5654225.883394695,87899.98574382538,81652.49404066114,39302.4758871031,34765.73378649956,4139.452203474586,0.002158466779690252
89,11657.307642824439,10184834.39138406,5656993.73944408,96215.1131812719,103216.55005706202,53619.218539288435,50565.29324422534,286.06924567810347,0.0011445750804437262
90,-41245.67339671055,10133616.674632845,5650845.232600576,70462.84366308537,121680.56041429957,46685.118279027454,48916.73955661902,3916.885565912352,-0.0040701829091245876
91,-62829.008396431695,10127274.526677622,5661392.608293746,97377.2493959331,103719.39735115739,69510.12560126299,56615.84423243003,2346.9056756638934,-0.00620394048081992
92,-82280.71291836102,10108572.334607303,5658400.749224896,103203.81186634151,121906.00393665963,41543.38967232653,42664.562980946044,1870.685760230718,-0.008139696704416713
93,-60856.52109531546,10140684.718985189,5669088.941779736,106278.16422915107,74165.77985126486,34104.325066910314,23416.132512069667,0.0,-0.0060012240575215885
94,-78224.60179291986,10143841.00295262,5689613.306444773,90826.49430121334,87670.21033378095,69372.31162429517,48847.946959258385,0.0,-0.007711536662507882
95,-66863.08884429555,10165972.127910398,5690191.207284173,106954.16904901914,84823.04409124187,47156.36161959905,41482.605195323056,5095.8555848769665,-0.006577146583033094
96,-108762.82071299179,10137590.66991436,5673732.743890872,93214.8303223197,121596.28831835896,38580.61773857596,40050.712498898145,14988.368632979162,-0.010728665642002155
97,-143116.65757277087,10111221.90210171,5678285.644881929,104461.5948525055,130830.36266515432,50915.20178173208,44646.216762638374,1716.0840280365423,-0.014154239612031732
98,-148480.9865625483,10132300.810396561,5694073.029803424,96591.8483767159,75512.94008186451,54303.01358957553,33187.70248651386,5327.926181567145,-0.014654222110164235
99,-134900.95440680228,10149843.265304549,5697122.183111129,121705.7400889182,104163.28518093075,47137.51266444308,43631.72463446957,456.6347222679369,-0.013290939660904659
100,-87975.28207192672,10219339.35991923,5719692.605390934,118710.94250930299,49214.84789462191,46643.92631881354,24073.504039008018,0.0,-0.008608705413675786
101,-92902.88734041995,10229236.979966216,5734517.830706413,127277.24459627818,117379.62454929214,42805.1976671521,27979.972351672826,0.0,-0.009082093564003715
102,-182433.99485579162,10162856.694501378,5749017.850661944,89130.0898413473,155510.37530618504,54348.84271463647,35523.42171160408,4325.401047501531,-0.017951054544978255
103,-218857.68840141577,10144070.61150893,5754747.399998219,68780.83294011114,87566.91593255912,50994.77473015738,39311.19478543161,5954.030608450403,-0.02157493739772585
104,-229751.3729779226,10139255.365580952,5740536.469170507,106892.90452472105,111708.15045269992,43116.277177692406,47182.523267284385,10144.684738119957,-0.02265959034406453
105,-255869.67419518248,10147044.766580788,5756405.957466937,80597.00960697175,72807.608607136,63357.84336320233,38469.24810643952,9019.106960332785,-0.02521617673727894
106,-315169.14552961645,10106817.912936177,5755831.39494006,91149.28576215632,131376.1394067678,51314.858168054525,42065.830586581564,9823.590108349523,-0.031183815543586384
107,-295772.1889949473,10128110.555785418,5757727.08125463,92764.59045111657,71471.94760187605,45514.35791971646,43618.67160514511,0.0,-0.02920309640834195
108,-305185.69704802067,10159329.256778883,5798359.290301169,112749.41805302243,81530.71705955642,61478.12660733564,20845.917560796228,0.0,-0.03003994548600572
109,-327902.90758355125,10151255.6304133,5811536.650160597,66270.63697531796,74344.26334090119,52476.65901108943,38566.186996401964,733.1121552599252,-0.03230170921921715
110,-330744.483331955,10147987.2269702,5800483.162762046,96816.30257239878,100084.70601549858,39914.639580568924,45654.7971271924,5313.329851927419,-0.03259212649114682
111,-330205.1833785901,10146774.64965454,5795602.227203546,107700.75875312202,108913.33606878157,52964.180008086594,56280.58642184854,1564.5291447374505,-0.03254287148180948
112,-322141.80583137745,10164471.174796782,5805235.374798576,93858.33563330847,76161.81049106555,39677.37329422163,30044.225699191396,0.0,-0.03169292334953353
113,-350049.4173019208,10159700.188951299,5815370.154783436,98586.39236695858,103357.37821244285,50511.42058552162,33875.7177805623,6500.922820099817,-0.034454699527708556
114,-328293.23929449636,10183479.650082868,5811513.70203272,114788.25344601895,91008.79231444957,43470.83855335288,44387.423366638395,2939.867937430522,-0.032237825436399324
115,-373323.41146002023,10161216.611294176,5828382.401481179,71037.45481169905,93300.49360038988,52620.35812074381,32802.44170809797,2949.216964187215,-0.03674003081924972
116,-459141.4238796937,10103715.509088716,5849064.768317002,70903.55029484422,128404.65250030428,62479.49985059432,37979.86132557628,3817.271689195366,-0.04544282976561214
117,-494642.4290721048,10089425.761279352,5859132.060873742,51801.5606840025,66091.30849336668,47062.2107984787,31422.935828585127,5571.982413153294,-0.049025825728399385
118,-430078.49022657913,10163787.059880044,5848818.259143913,139945.93061495989,65584.63201426745,41625.365959148075,41883.586946479445,10055.580742498103,-0.04231478755829572
119,-497178.941228616,10138113.670571573,5890245.320837479,75552.51374920194,101225.90305767355,68212.9885081311,26785.926814565864,0.0,-0.04904057671712668
120,-503829.0981554172,10147656.248763742,5906438.055956448,91527.86787078323,81985.28967861473,58126.01287753644,41933.277758566706,0.0,-0.04964979950092389
121,-501847.5903744174,10177402.929005649,5934203.2284173565,110308.20805801621,80561.52781610873,62744.47216941239,34979.299708504645,0.0,-0.0493099854525902
122,-537754.0645948319,10174152.399163317,5957478.8283961555,110822.63221609063,114073.16205842342,54480.99363936204,26515.221460921533,4690.172199641255,-0.05285492525540061
123,-551514.2068836914,10152584.335340122,5949670.90686182,79313.83896651202,100881.90278970658,35762.6556460094,43570.57718034451,0.0,-0.05432254376493343
124,-616596.5571739778,10114086.138922852,5957743.272244626,74347.30699478957,112845.50341205999,52416.44521676751,35088.185588856824,9255.89424510532,-0.06096413938982383
125,-643214.4408714607,10109470.398642184,5971034.05272744,91186.95156860515,95802.69184927337,52689.13447678601,35042.67252697109,4355.681466999647,-0.06362493933983443
126,-670543.6445774828,10114092.309754295,6002985.167545573,89330.9530567055,84709.04194459476,63626.42639803341,31675.311579900535,0.0,-0.06629795576720147
127,-718947.6952819086,10087577.850839358,6023979.599097021,132218.73990023788,158733.19881517507,45947.307345506684,24505.29567503852,447.58011902028124,-0.07127059695723559
128,-713776.2255705657,10091601.4878681,6013586.692661559,94275.54100318662,90251.90397444357,38866.11958078152,44636.48913981182,4622.536876430431,-0.07072972772742281
129,-785608.797608944,10049233.457179341,6042424.4856318645,70111.88760361387,112479.9182923722,70526.8498194589,41375.68265949648,313.37418965746974,-0.07817599232384156
130,-790256.1196451038,10036011.973716976,6033754.963700288,97159.93571184957,110381.41917421402,32693.283944927818,41315.125623818414,47.68025268594943,-0.0787420463142813
131,-784390.3985683242,10082322.79232122,6064327.469559725,136956.5002591209,90645.68165487605,66678.87611119519,31170.07441774394,4936.295834013961,-0.07779858022059384
132,-753731.0640261637,10115436.978793664,6066020.238532876,106388.00527582457,73273.81880338045,51773.9611463694,49700.1506946528,381.0414785669966,-0.07451295140351429
133,-787437.804060583,10087036.796472205,6068142.673942688,66160.74701660473,94560.92933806386,40975.76905207487,37261.27249068894,1592.0611515743951,-0.07806433345578535
134,-795161.8078224892,10098315.210634911,6087145.091867301,65886.95567968965,54608.54151698305,54820.66835525525,35818.250430642554,0.0,-0.07874202688633394
135,-800849.1039018552,10112202.847485218,6094361.94583383,115696.8807321627,101809.24388185599,42861.25175963516,29465.358311534066,6179.039481571685,-0.07919630529375868
136,-860692.7697243588,10064624.802869326,6104296.846341526,106987.01245120859,154565.05706710182,54201.88598724938,43101.625130096116,1165.3603494571744,-0.08551662745331388
137,-881672.2158462971,10070333.190182138,6130984.679776276,116335.51734401583,110627.13003120384,62517.25008565195,35829.41665090172,0.0,-0.08755144434603862
138,-934678.7906421731,10045981.083734425,6159639.148124439,90417.9365817604,114770.04302947473,64983.74440296732,36329.276054805596,0.0,-0.09304007073590088
139,-954787.9635208059,10063406.665712144,6197173.9029807905,106281.54447739599,88855.96249967747,59520.5365313989,21985.781675047627,0.0,-0.0948772115881933
140,-993523.8352501463,10033350.135193288,6203864.290736464,6934.56917149103,36991.09969034638,40363.61555631196,32678.75107323259,994.4767274058484,-0.09902214333826859
141,-967531.368371377,10066735.96930626,6196765.921756254,122259.31783320528,88873.48372023244,39691.862797288464,39544.363670291765,7245.868107206747,-0.09611172591805381
142,-981881.374567775,10074981.165081998,6208886.276821295,80480.8236777019,72235.62790196379,55585.48959274223,38227.711074153594,5237.4234535473715,-0.09745739058756679
143,-995388.3476000042,10062166.638043853,6207685.622959009,99727.06416409406,112541.59120223917,39649.21885959359,39903.322793693864,946.549928184216,-0.0989238583901562
144,-995284.32679586,10081935.768258488,6227350.7323695,75682.18151791739,55913.05130328279,56857.490352746616,37192.380942256175,0.0,-0.09871956632865767
145,-1019574.1080335665,10056811.71808629,6226516.463435007,98076.42126153335,123200.47143373257,27192.62154628077,28026.89048077339,0.0,-0.10138144539386697
146,-1019209.6650297643,10083970.620847713,6253310.92319263,129223.57733440658,102064.67457298242,57673.17240461227,30878.712646990156,0.0,-0.10107225649018045
147,-1027089.7237170383,10096470.036908781,6266908.960676425,108956.27433445421,96456.85827338617,55487.388188641264,38498.632072572385,3390.718632273135,-0.10172760578324863
148,-1069400.5855206382,10085188.23387976,6297938.019451004,103162.38169810218,114444.18472712314,58070.08281944471,27041.02404486584,0.0,-0.10603675020443729
149,-1091226.432061424,10080530.014501242,6310115.298403201,120034.90795303014,124693.12733154841,39793.76980486663,25121.31674763497,2495.1741050360047,-0.10825089856303702
150,-1130686.2398889714,10059206.915967396,6328252.0076969005,118616.76452701059,139939.86306085787,55162.97572101451,37026.26642731444,0.0,-0.11240311978215563
151,-1112360.714204593,10071917.55939794,6300785.441422346,100229.02583341309,87518.38240286859,39849.32094271184,56390.04520690629,10925.842010360655,-0.11044180094252934
152,-1079264.3906762663,10122659.793014277,6310005.895268315,122720.97367110857,71978.74005477181,58550.19324297279,45117.01127598321,4212.7281210202655,-0.1066186568298062
153,-1081164.213042999,10136768.81978362,6318606.83032437,124993.30534087555,110884.27857153193,57400.14236304336,45095.25026697768,3703.9570400105295,-0.10665767684599099
154,-1139012.8537416796,10104006.070254073,6322874.555300495,64327.77740571633,97090.52693526393,44438.080411508745,29761.272338879837,10409.08309650412,-0.112728837039687
155,-1137220.8610353023,10109605.462064397,6322561.422598423,134579.90681771407,128980.51500739029,52552.13416855875,50805.00096762125,2060.2659030091277,-0.11248914364686592
156,-1114314.9568533902,10145998.191863902,6336048.248216016,104055.94553795559,67663.21573845042,53969.9130449884,40483.08742739534,0.0,-0.10982802635890097
157,-1131224.7922270985,10151967.48872399,6354812.926058898,98976.05776366807,93006.7609035798,67975.6116664464,47153.70662810728,2057.2271954573303,-0.11142911888592771
158,-1140229.3738267978,10160837.925467405,6370198.463178082,104975.74619602166,96105.30945260495,47970.86015204452,31340.582420893705,1244.7406119653538,-0.11221804561697568
159,-1130875.551352779,10182173.848807434,6382180.564044092,85078.03486694973,63742.11152692134,55112.218145475344,43130.11727946588,0.0,-0.11106425485803607
160,-1167801.887430568,10159827.621410033,6392371.540655466,97546.30725009745,119892.53464749809,60592.23738896321,48206.69474308191,2194.566034507299,-0.1149430808225164
161,-1171458.787636607,10175019.185534602,6394346.693870023,83099.09344061697,67907.52931604849,53446.04904750358,43034.24027492131,8436.655558025326,-0.1151308676942861
162,-1144350.428178017,10205324.494954724,6391371.331883448,121999.59300684166,91694.2835867207,37557.941211391306,37447.14722391282,3086.1559740526236,-0.11213268414382682
163,-1145505.2504648475,10220730.182748877,6407931.841964432,95958.33509221191,80552.64729805861,52528.84814969899,35968.338068715115,0.0,-0.11207665499264385
164,-1134481.7909825153,10242009.053938175,6418187.253671398,106229.0566860688,84950.18549676987,52441.04388978352,42185.63218281698,0.0,-0.11076750518457056
165,-1190363.4774221566,10201439.807962954,6433499.6941358205,90375.17752269175,130944.42349791156,38379.20487265713,23066.76440823575,0.0,-0.11668583061118419
166,-1184664.5832557615,10206249.07494367,6432610.0669501405,100582.19893153338,95772.93195081747,48823.89144574879,49713.518631428014,0.0,-0.1160724742808905
167,-1212542.5052576363,10180131.797387196,6434370.711395543,107918.67748861648,134035.95504508933,38722.192351082864,36961.54790568084,0.0,-0.1191087236777076
168,-1227168.939361355,10175401.426591221,6443626.166953689,82113.07907844943,86843.449874424,64274.85283684505,54699.09340390016,320.3038747992614,-0.12060152596578777
169,-1215895.7355991506,10217613.218947895,6469254.177287698,138101.2042812894,95889.41192461562,67536.91026701081,39253.61080277207,2655.2891302307216,-0.11899997676016465
170,-1314073.5494699213,10150451.366416562,6486580.159924378,107309.4894528567,174471.3419841884,58512.85574844789,34341.88376038829,6844.9893513792895,-0.12945961731491273
171,-1326296.6541083886,10160458.470247407,6502024.60924857,92763.34925831317,82756.24542746977,59086.01359892111,40248.68470216922,3392.8795725590303,-0.13053511886221936
172,-1364509.7856152712,10157323.596519576,6526437.140341527,100279.70443730585,103414.57816513587,54249.65897436149,24504.264538356678,5332.8633430476675,-0.13433753219035208
173,-1351836.7351577894,10178740.686511956,6535181.179876424,80359.61160339399,58942.521611014716,49415.887561413176,40671.84802651563,0.0,-0.1328098216461231
174,-1309038.338085199,10233915.702824589,6544023.67181986,116620.63715335948,61445.62084072733,45930.56251227441,35321.006920536,1767.0636483033031,-0.12791177649859875
175,-1290002.5364795502,10269690.312258122,6560762.479647745,105577.28569294477,69802.67625941138,57242.82677456228,40504.0189466776,0.0,-0.12561260342386132
176,-1334344.1584123406,10235826.465773415,6567520.07966113,60828.17119205938,94692.01767676722,47790.326822136456,39172.63909140293,1860.08771734891,-0.13036017783948609
177,-1426336.0426722632,10152099.305247523,6575784.8033951605,34964.07972031569,118691.2402462075,38888.95099082442,30624.22725679364,0.0,-0.1404966598322185
178,-1472381.5981659323,10131753.954124736,6601485.007766043,105778.33334337414,126123.68446616114,45686.605617604895,19986.401246722762,0.0,-0.145323465693372
179,-1476147.8435239655,10134036.441856196,6606651.204163761,83339.26554407977,81056.77781261964,45916.113727452735,40308.648983847335,441.2683458877643,-0.14566237767086493
180,-1430806.434768144,10176923.666709099,6604197.020260842,120986.79221086815,78099.56735796577,41376.820405244565,43831.00430816369,0.0,-0.14059321673489789
181,-1416395.796498525,10187153.671222342,6600016.386504466,107793.83410640004,97563.82959315667,48525.57510081833,52706.2088571941,0.0,-0.13903744286293598
182,-1361224.5257596802,10238995.420863526,6596686.865406805,141205.96341048158,89364.21376929752,37229.83555029772,40559.3566479586,0.0,-0.13294512496665212
183,-1408655.663430105,10219034.47140687,6610283.002170107,84964.88304372999,104925.83250038727,55555.82088650125,35022.65839796593,6937.025725232003,-0.13784625811485038
184,-1420799.756558336,10211277.08265321,6614669.706544679,123150.15516042267,130907.54391408227,55294.13407125722,50907.42969668559,0.0,-0.1391402608173245
185,-1417415.8192779191,10231594.083088726,6629264.348119275,93641.86902743074,73324.86859191435,51192.25861127392,35428.4062464261,1169.210790251338,-0.13853323419277283
186,-1388903.9710144086,10278480.575603316,6642881.859490787,137643.497604081,90757.00508949054,54137.92317190214,38141.845360606116,2378.5664397841683,-0.13512736253168278
187,-1407013.7628392074,10272392.807562709,6647807.682455886,100120.33360872143,106208.101649329,61653.07535547177,53179.15198082663,3548.1004095458343,-0.1369704010737732
188,-1369379.9724377173,10317955.35801306,6643076.756120576,111790.93772071204,66228.38727036084,49121.232575843795,47522.31571906871,6329.843192085766,-0.13271815247526136
189,-1391059.6395796645,10305027.703679763,6644935.177359654,104232.19465590101,117159.84898919881,54907.667089938186,49602.45006607457,3446.7957847855555,-0.13498844249423406
190,-1379200.6076648028,10294517.705945017,6622566.147710046,92886.03368857931,103396.03142332559,20694.056241472244,43063.085891080395,0.0,-0.1339742809775657
191,-1444038.814450223,10253754.222773384,6646640.871323833,65530.731851891636,106294.21502352461,54775.293372667955,30700.569758880556,0.0,-0.1408302542734096
192,-1436011.9842224705,10298265.795834985,6675045.252388868,127410.81977228264,82899.2467106831,72429.20312402985,39984.64117458923,4040.1808844063344,-0.1394421170216105
193,-1404626.5002830296,10332327.605900122,6674077.6858764645,132337.48796997216,98275.6779048355,39976.56019309199,39122.18038644568,1821.9463190495453,-0.1359448281025215
194,-1417881.807916993,10316428.574639611,6667087.843508064,72705.16695596869,88604.19821647942,42578.07906002563,47394.86205749947,2173.059370926278,-0.13743921141493723
195,-1423179.8812209235,10318427.207922224,6674384.550094607,94344.0850170486,92345.4517344356,52231.22018406166,44934.513597518235,0.0,-0.13792604750152643
196,-1488059.0458240556,10274978.474884735,6687376.8545664195,79168.24734757456,122616.98038506325,45876.63127795269,28665.26325922501,4219.063546915523,-0.1448235681915381
197,-1449473.9855853296,10327513.752436807,6686246.942083492,109267.39612065374,56732.11856858234,52294.81715463606,45884.66473942699,7540.064898136197,-0.14035071947915073
198,-1412458.9880835584,10380260.109564304,6701978.301709218,112639.6296752279,59893.27254773127,53310.401549961956,37579.04192423643,0.0,-0.1360716372398152
199,-1445906.3053278252,10365689.358985843,6717952.210191326,117411.11218839453,131981.86276685575,67943.70054600359,50518.462972047244,1451.3290918490816,-0.1394896427292984
200,-1469306.9055109874,10358573.190451764,6721999.110521648,107054.40326052686,114170.57179460609,51211.77949299462,41046.113503292356,6118.765659380911,-0.1418445261230912
201,-1450059.3377979356,10380619.710940586,6720768.130385419,98814.34707948136,76767.82659065846,45855.26934164141,45071.28302186994,2014.9664559997786,-0.13968909161267656
202,-1459102.932394901,10375671.929422898,6717075.517430113,106804.19953736676,111751.98105505474,46251.5853710239,46049.98530903845,3894.2130172919724,-0.14062731959144137
203,-1533090.129220699,10319918.047905013,6735308.832738025,75303.73826177043,131057.61977965612,44992.552562430836,26759.237254518528,0.0,-0.1485564247801292
204,-1564870.0259137782,10303192.811725007,6740166.473596275,79579.09678643357,96304.33296643833,47261.494944537626,37305.34425887526,5098.509827412395,-0.15188204807086209
205,-1570142.9226853005,10307089.122182755,6749335.680825544,106797.50722385407,102901.19676610715,54098.284573286925,44929.077344017904,0.0,-0.1523362128795475
206,-1535551.760538074,10359305.608749703,6752505.682497368,92711.23495471077,40494.74838776315,50360.59926797795,39962.93622220524,7227.661373948401,-0.14822921714377385
207,-1512983.5492156257,10382988.920397816,6753620.782823033,123752.68785442242,100069.37620630919,44996.389226031,43881.2889003659,0.0,-0.14571753478839858
208,-1536028.674438139,10363307.65944493,6746210.633405737,99972.14697113303,119653.4079240192,44422.286540105764,46445.42911394001,5387.006843461511,-0.14821799418820017
209,-1590642.1203409242,10324864.469896879,6762380.88976047,80904.16365738357,119347.35320543502,56985.66345371505,40815.40709898126,0.0,-0.15405937046230408
210,-1616643.1835050902,10326121.913947944,6781264.2744895015,82815.8796284886,81558.43557742445,55425.9446329196,32354.998660788817,4187.56124309935,-0.1565585993441952
211,-1622912.0158569557,10311388.517981347,6772799.71087477,75164.88942243214,89898.28538902878,51096.47754574008,59561.04116047133,0.0,-0.15739024991899656
212,-1609606.3548408654,10342082.748961467,6781741.012656848,129440.29132980267,98746.060349682,54111.719180159635,40946.78330710564,4223.634090976166,-0.15563657668495245
213,-1640408.723444861,10307657.79233779,6778118.424637167,96926.29791275965,131351.25453643646,45435.28855775278,49057.876577433984,0.0,-0.15914466278306802
214,-1619504.921267288,10338251.81921702,6774406.659031636,98794.96307197426,68200.93619274453,54550.2372034752,51561.00765541227,6700.995153593829,-0.1566517192255763
215,-1611026.6387069172,10367179.52931964,6794856.086573885,96062.28602592181,67134.57592330183,47707.07346447692,27257.645922227777,0.0,-0.155396811075832
216,-1686427.5378043586,10343739.920298288,6828464.37508352,104535.7209221827,127975.3299435349,78092.10861229504,35307.31931943279,9176.500783227199,-0.1630384706884361
217,-1689153.8883035493,10357396.16107498,6839743.009103281,104875.04960803296,91218.8088313406,54325.94451726152,40495.33186943967,2551.9786280610924,-0.16308673164899337
218,-1647322.0985232121,10389182.239313416,6828464.29846224,91833.33674346661,60047.25850502873,34563.74797477918,45225.959066249816,616.4995495714331,-0.15856128620880539
219,-1670962.9281693592,10382047.820652215,6844970.7094471855,88078.22200687666,95212.64066807884,57949.32252915628,41442.91154421119,0.0,-0.1609473349607811
220,-1696282.765077466,10372094.042190652,6843917.1679255925,124525.859112979,134479.6375745408,54945.566553228535,47789.30809075272,8209.799984069055,-0.163542941104996
221,-1695859.444061168,10384343.549090927,6855743.353809569,122601.98632809028,110352.47942781559,55983.47047074883,44157.28458677202,0.0,-0.16330925840850363
222,-1640776.2173655683,10437253.361506283,6841167.737902382,114014.46313719172,61104.65072183615,42054.00544874945,50428.5205424647,6201.100813470987,-0.15720383136591548
223,-1602147.5576296668,10478793.186892183,6839058.590579974,129747.96579371725,88208.1404078177,38477.51158723232,38076.502423437254,2510.156486202871,-0.15289428172261066
224,-1627480.8152473262,10457030.949250067,6842629.610555517,101579.7743268002,123342.01196891753,46387.295749965546,42816.2757744234,0.0,-0.15563507683450456
225,-1619019.8062230684,10470959.581056302,6845938.990802647,109006.34556087626,95077.71375464092,42501.866617154825,38113.36510260118,1079.1212674238918,-0.1546200034189935
226,-1786765.5368261156,10314180.559311595,6856905.699660987,94596.89741325808,251375.91915796537,49015.5399769212,38048.8311185813,0.0,-0.17323388189215205
227,-1786335.9718685262,10307873.247883415,6847818.201029179,82115.85296041046,88423.16438859118,43141.47323823357,51053.660747022375,1175.311123018907,-0.17329820894289
228,-1770211.3339374433,10337099.517018521,6856881.869716987,125768.88498636504,96542.6158512592,50372.27836421577,39289.628418299995,2018.9812581072956,-0.1712483594670874
229,-1669247.7143214156,10434465.685248299,6849139.139511361,134375.90006099717,37009.73183121954,29984.54255561321,35654.63335155109,2072.6394096878444,-0.15997443133876138
230,-1667428.9741178462,10441440.593792891,6839993.353820858,113802.08849528024,106827.17995068688,46157.5408711943,48152.3495459341,7150.977015763655,-0.1596933832204227
231,-1705521.6578481705,10426055.311106151,6851722.586474442,103681.15662543131,119066.43931217103,52726.452634321286,35508.13578573693,5489.084195000023,-0.16358264050559918
232,-1742679.4043156756,10433234.077388862,6896059.099224658,102212.26245157355,95033.49616886217,64729.53572189574,20393.022971679307,0.0,-0.1670315638841507
233,-1771851.820138467,10423574.185050596,6915571.622709182,76258.5914725126,85918.48381077986,47453.9183023397,27941.39481781562,0.0,-0.16998505394432192
234,-1876997.7543782503,10349921.749178227,6946700.9539796645,82783.16642952859,156435.6023018973,68017.41947747147,36706.004658522805,182.08354846600537,-0.1813538111558459
235,-1865668.3353349415,10379640.929565093,6961939.220639843,77015.92005623411,47296.73966936833,48831.19813591476,32017.184134047795,1575.747341689951,-0.17974305161374335
236,-1886267.0448225213,10371686.174041979,6966408.455016889,67995.88301913044,75950.63854224356,51486.27095302831,42929.6767822715,4087.3597937100726,-0.18186696099072372
237,-1927925.7940930834,10328909.25110545,6961396.668117103,73590.22031685925,116367.14325338905,41997.883033981496,45062.86331685845,1946.8066169090343,-0.18665337715952413
238,-1952593.5763497313,10314286.443738421,6968851.521981166,72472.25001844105,87095.0573854703,53653.63742063768,44903.723043796796,1295.060512777907,-0.18930961312744116
239,-1955247.2195772221,10324734.252275778,6958615.038894132,130635.57781202106,120187.76927466397,47433.45883600247,46000.97449709556,11668.967425940935,-0.18937506494622333
240,-1869192.849135557,10399643.941312,6947470.357488689,139209.69201566055,64300.00297943756,40734.668888428496,51879.35029387081,0.0,-0.17973623517150367
241,-1893510.259281549,10390347.971913643,6962491.798236324,73549.17733416642,82845.14673252383,54202.267094745854,39180.82634711123,0.0,-0.18223742500250562
242,-1870625.4779568508,10399672.14928947,6941956.083575599,86515.75076550982,77191.57338968228,41204.903713410575,58253.06301820849,3487.5553559277746,-0.17987350477049954
243,-1849512.225244885,10434634.267080538,6955804.948654702,117735.18108809477,82773.0632970269,48140.43322813951,34291.56814903716,0.0,-0.17724744134825843
244,-1832496.7561941096,10457339.54854309,6944245.204272662,72439.81446304268,49734.53300049013,27502.162220483926,30437.128205615176,8624.778396908154,-0.175235464784101
245,-1986560.5888461843,10311125.071054302,6952094.55943595,44519.644436556664,190734.12192534376,54109.825769008756,46260.470605721275,0.0,-0.19266186523359283
246,-1993887.5685197974,10308386.234286297,6947020.824755809,110479.01908385342,113217.85585185865,44233.52707766307,44476.32296492933,4830.938792874165,-0.19342383213077624
247,-1972911.1318252166,10330464.392670471,6940852.447757509,89008.94757739834,66930.78919322512,38158.71668101728,40692.04433537169,3635.049343946574,-0.19097990727551506
248,-2004945.5272122023,10318949.242528161,6941852.891800959,84149.4833908417,95664.63353315246,55705.370361384856,44945.52571732241,9759.400600612444,-0.19429745026257994
249,-1987681.6629434263,10374521.144991035,6965712.201870512,125539.61664396086,69967.7141810864,66835.86209538023,35752.18796355428,7224.364062272138,-0.19159261764125923
250,-1964313.743444962,10391184.611973481,6959007.749354494,101359.73252102178,84696.26553857581,31923.03140225067,38627.483918269216,0.0,-0.18903655519521195
251,-1977502.6993234665,10377610.780261856,6958622.873521373,119345.98471685546,132919.8164284812,42030.8901070331,42415.76594015417,0.0,-0.19055471834467555
252,-2070716.0958283867,10280094.816803053,6954320.306567491,16846.4041378318,114362.36759663429,49614.61738156588,53917.184335448095,0.0,-0.20142966896022724
253,-2071451.9516711654,10302646.208128598,6974103.142111331,119986.72664948978,97435.33532394454,57957.78009744233,36422.73874136042,1752.2058122420865,-0.20106018491024452
254,-2064247.0981617179,10326237.658413764,6980554.191937994,97690.02241402131,74098.57212885532,56620.81534581753,45201.99204462691,4967.773474527834,-0.19990311732558083
255,-2074009.7529780713,10325743.35146121,6977818.113182266,130739.31307835289,131233.6200309076,46250.553101508645,42984.418547473426,6002.213309763139,-0.2008581544576716
256,-2077749.8826759036,10346204.194011472,7000199.376711406,100467.1063222911,80006.26377202838,66200.70309136051,42909.5852027437,909.8543594778894,-0.2008224314651101
257,-1980406.7330440667,10429341.950693484,6981389.299280408,123872.37143712754,40734.61475511471,29858.974051347104,46366.70924175819,2302.3422405868405,-0.18988798549388655
258,-1937098.4901631528,10472510.779281663,6969007.888789713,105008.92600521521,61840.09741703628,49767.66289149634,56028.07528321074,6120.998098979314,-0.18496982538279358
259,-1944104.0682071848,10491881.257937143,6988807.541280014,103394.13090285624,84023.65224737657,46054.27148130606,22966.41688639986,3288.2021046058026,-0.18529604180722725
260,-1895449.4709930816,10553181.403286045,7001453.089414814,116909.66216963707,55609.51682073462,43385.83107693184,30740.282942132624,0.0,-0.17960929491867517
261,-1848126.1354658483,10611361.089697195,7010820.466179099,101069.632536438,42889.94612528814,56142.70438357064,46030.840559469456,744.4870598154375,-0.1741648521658767
262,-1912645.1965413673,10591657.385147564,7055111.056826923,50385.82980030917,70089.53434994025,62329.019341026964,17776.04575417142,262.3829390324038,-0.18058034989155006
263,-1956204.0000588594,10552943.112038597,7050300.983043758,76399.98443065482,115114.25753962091,43248.86047856539,43231.63216588489,4827.302095845465,-0.18537046767808868
264,-1942998.890018089,10599741.177425083,7067989.802756535,136724.5167946004,89926.45140811574,53760.44369622611,28119.55616698051,7952.067816468721,-0.18330625790714708
265,-1964614.659836194,10603549.85456585,7087126.549426117,84789.82303857271,80981.14589780636,49777.52205150789,27496.925237281204,3143.85014464469,-0.18527895721546858
266,-1948400.3231928735,10620575.834436918,7076517.903624069,119349.32545850021,102323.3455874323,34111.02435821275,39009.52564536272,5710.144514897453,-0.18345524325293552
267,-2024618.1004150212,10565022.58769264,7089062.718280671,62440.224680681844,117993.47142495902,58765.4360408152,42160.76347357829,4059.8579106337693,-0.19163405317973767
268,-1989965.9168213427,10595498.664382452,7083024.656957709,137189.89615246624,106713.81946265507,56578.880104331794,61685.96421774661,930.9772095475464,-0.1878123890016389
269,-2030222.1154793496,10573846.099153904,7101628.2903871685,84042.3447276301,105694.90995617832,54389.91029388895,35786.276864430336,0.0,-0.19200412947582088
270,-1984000.2918071847,10616871.900836006,7095523.719912717,146196.88844180157,103171.08675970057,42677.14618597925,47327.44241823679,1454.2742421933276,-0.18687239615756862
271,-2054153.987522122,10552543.138846073,7078219.105560404,44728.059807929734,109056.82179786233,37081.177317683105,42821.01763133738,11564.774038658761,-0.19465961526945674
272,-2039366.9852758287,10576271.994684607,7085700.585933122,109323.55324394621,85594.69740541339,44928.94719571758,36717.28021323912,730.1866097610948,-0.19282474829512403
273,-2050704.3778967587,10550808.078002578,7071370.927123448,92443.86934483456,117907.78602686417,32667.908967910167,46896.000403297076,101.5673742871943,-0.19436467450983974
274,-2030109.9080436993,10591521.731471507,7077894.205481817,107538.95571390745,66825.3022449784,63286.31066849436,49965.079681374984,6797.952628750369,-0.19167310982438507
275,-2104902.264270785,10545498.609178985,7102906.413254089,69704.90448412922,115728.02677665133,54048.55087635709,27157.83002293946,1878.5130811459226,-0.1996019668940681
276,-2125324.275631673,10543887.417114072,7102981.118627533,107290.68978066526,108901.88184557877,51772.61366948856,42329.851334779036,9368.056961265478,-0.2015693255773958
277,-2032270.0462608659,10645084.469156854,7111123.941299508,124520.6781982136,23323.62615543141,46825.61445162318,38682.79177964839,0.0,-0.19091159418689255
278,-2053048.4433010572,10620749.186011238,7107567.055194084,101883.66116464624,126218.94431026267,39134.321404094095,42691.20750951898,0.0,-0.19330542576084564
279,-2099298.2465156983,10575376.104683394,7108443.7770808805,86561.75952640646,131934.84085425088,44574.42179888175,43697.699912084994,0.0,-0.19850814058386126
280,-2075688.8359389612,10602556.14475363,7112014.406574379,137246.3512278976,110066.31115766248,48175.001573497386,44604.37207999916,0.0,-0.19577249180293718
281,-2050831.1514857367,10639306.378976094,7123906.956343618,123650.61483505314,86900.38061258924,47959.304849515654,36066.755080276125,0.0,-0.19275985467796114
282,-2059489.2484910747,10651802.119956056,7135928.7962181475,113893.41223256817,101397.67125260558,56517.4814140304,39929.64248411543,4565.999055385905,-0.19334655538076886
283,-2111682.25390561,10592681.849042317,7111322.456211733,91623.02512149923,150743.29603523872,34320.69583569501,50087.49858850388,8839.537253604853,-0.19935293856640537
284,-2193783.1719988207,10524906.832659105,7121368.136051473,82956.82388068813,150731.84026389933,59954.90282945318,47769.1120545833,2140.1109351293835,-0.20843730085965656
285,-2193494.8613394354,10530797.530170722,7121157.38072509,95655.47683562647,89764.7793240098,53905.30596319517,51209.49020027117,2906.571089307098,-0.2082933277422793
286,-2247036.1361307963,10496957.981148351,7129404.117428831,81771.12753725419,115610.6765596245,59211.50746394792,45237.27622758229,5727.494532624913,-0.21406545974236377
287,-2241816.484294673,10519764.147723459,7140621.146052357,94581.43739684384,71775.27082173551,41318.0656935922,26916.294012337137,3184.743057729749,-0.21310520395838112
288,-2225512.322117081,10534094.86467217,7123439.294309444,98331.02433546813,84000.30738675728,20443.8117565493,30021.46024244665,7604.203257015834,-0.21126754132248277
289,-2228682.9976008646,10516787.552729486,7106742.93445109,86707.47999873738,104014.79194142103,36093.145700247434,51509.64385887385,1279.861699726618,-0.21191670806570975
290,-2303643.610444426,10469443.865862114,7134359.860427281,105800.8079296707,153144.4947970421,65164.40100589403,37547.475029703535,0.0,-0.22003495505200177
291,-2339347.5849577943,10455185.50941981,7137133.665991254,93489.09976960937,107747.45621191339,48947.758657491286,36838.04683997223,9335.90625354521,-0.22374998347471806
292,-2394532.985716561,10400411.58425832,7129971.947361425,97715.80216444326,152489.727325933,50907.42563752173,54282.547153797816,3786.5971135531336,-0.23023444469648086
293,-2356886.024309961,10442786.072011251,7120813.941283104,119259.21146498896,76884.72371205689,41462.40777412588,43677.6476401199,6942.766212326575,-0.2256951361501971
294,-2326735.568447456,10480751.035428353,7128628.4488377,100805.13004000926,62840.16662290757,36397.416337106726,28582.908782510072,0.0,-0.22200084331574446
295,-2376667.317188997,10459814.644574594,7155531.411328828,102189.70718894176,123126.09804270063,49865.84213075191,21916.68194129718,1046.1976983272564,-0.22721887508989
296,-2436406.570971606,10409158.695886306,7143556.189617703,96744.02006734785,147399.968755636,35428.620870804436,36874.579179206434,10529.263402722821,-0.23406373580743584
297,-2450884.1746949595,10409075.435875326,7146174.438027291,108999.56682693097,109082.82683791062,51145.84437023878,42639.54830925812,5888.04765139268,-0.2354564715947664
298,-2480562.096410444,10375934.245024767,7136923.759259351,83810.27362214467,116951.464472705,36269.96983114461,42626.943782652306,2893.7048164316357,-0.2390687949472952
299,-2499900.961671315,10369175.515144065,7149040.042055658,87674.13823615784,94432.86811685884,43774.59847334447,31426.389385106046,231.92629193177822,-0.24108965635891086
300,-2517853.999855628,10344025.8058343,7141843.370930206,77920.22729256676,103069.9366023312,38499.145058476366,45695.816183928415,0.0,-0.24341141902754074
301,-2530115.291672962,10353314.99272806,7161511.187666743,88674.10168837987,79384.91479462052,63251.46728874839,42642.31956493273,941.3309872780287,-0.2443773123342677
302,-2458711.377381491,10420969.190232696,7152438.005815882,109974.38882139447,42320.191316757795,49568.66410359093,55980.1134224381,2661.7325320133627,-0.23593883951657563
303,-2500992.1094654216,10413624.244125027,7187373.791792144,101358.26338338671,108703.2094910549,58956.05243314346,24020.266456881123,0.0,-0.24016538822940406
304,-2499556.017337542,10440701.983994188,7213015.4395334255,104205.82582172293,77128.08595256225,63120.25262219914,37478.60488091821,0.0,-0.23940497690379567
305,-2460340.212828943,10489083.606148072,7222181.257178712,74639.72166312006,26258.099509235617,47658.744627170876,38492.926981884935,0.0,-0.2345619794075089
306,-2494185.700969981,10485698.191015748,7242468.514382504,121577.58078059477,124962.99591291734,48296.11576643889,22922.450660185154,5086.407902461293,-0.2378654864496314
307,-2526990.4848494283,10494070.606331997,7259558.159716348,111107.20457017151,102734.78925392362,59814.79749308116,30681.375228311677,12043.776930925695,-0.2408017422071348
308,-2570060.0968799405,10461151.478089137,7250544.9570367485,80811.44493716264,113730.57318002137,33126.523055866484,32557.882501839595,9581.843233626681,-0.24567659709955703
309,-2613304.6292281346,10439935.4165008,7254934.924547278,94782.00353998301,115998.06512831995,52369.55388719246,39160.33475199862,8819.251624663448,-0.2503180838741288
310,-2570054.963814768,10484720.692696849,7248515.444266335,95266.823506962,50481.547310913236,41967.59908048295,44409.53382961355,3977.5455318125405,-0.24512383678517488
311,-2585394.109095163,10476488.090677345,7255621.987527226,68658.83499529124,76891.43701479497,44182.78650797754,37076.2432470862,0.0,-0.24678060879922287
312,-2587259.5789453173,10487135.930646444,7265593.401927368,87432.57783761043,76784.73786851182,57715.33259761919,46472.97048792195,1270.94770955592,-0.24670792827092064
313,-2604607.3882464934,10480797.02692805,7276602.3075101515,92159.20408258538,98498.10780097783,41834.24892544425,30825.343342660475,0.0,-0.24851233942939077
314,-2588999.6767314747,10502187.608643427,7282385.177710511,87303.73672057086,65913.15500519323,51620.59559062875,45837.72539026967,0.0,-0.24652003689218965
315,-2591517.304625693,10513188.577749407,7295903.774710707,100502.57422432066,89501.60511834161,53415.08685536803,39896.4898551713,0.0,-0.24650155235591403
316,-2654230.6210572678,10492205.202382639,7330176.4499774985,74752.21402285669,95735.58938962432,60287.80919745509,22286.50103165598,3728.6328990079,-0.25297166514190245
317,-2644142.280657422,10524823.289393548,7349899.858581331,123792.44010575286,91174.35309484467,55502.02496026441,34375.44735281758,1403.169003615616,-0.25122913781574574
318,-2640259.585747161,10556013.601737857,7377207.476015379,67581.72963383698,36391.41728952815,59427.65801225275,32120.040578204465,0.0,-0.25011900186567493
319,-2645727.28377758,10568533.99924955,7387415.861577543,72271.15493459614,59750.7574229031,48261.622999053834,34163.38244691483,3889.8549899734926,-0.250340045645446
320,-2639461.618825933,10574563.526471026,7387179.723847372,109050.76837959184,103021.24115811518,52386.00790928444,52622.14563945509,0.0,-0.24960478153246118
321,-2698335.291742839,10550147.583633978,7420761.008343788,98901.30267594164,123317.24551298973,62645.39809338037,28625.890805243416,438.2227917206503,-0.2557628005060952
322,-2692649.950689207,10569608.027921347,7434374.120834602,127162.42191734521,107701.97762997664,51952.63031479773,38258.522452522746,80.99537146127273,-0.2547540025681304
323,-2684521.6404434238,10586681.762307765,7443319.544975237,105764.38126180648,88690.64687538792,49574.21378955556,40628.7896489203,0.0,-0.25357536012853865
324,-2731373.2025894006,10529468.233575009,7432957.578388456,110642.58747762877,167856.1162103855,32230.133606739248,42592.10019351984,0.0,-0.2594027677371161
325,-2727165.6885894067,10544852.348292198,7438209.96792797,111548.051550385,96163.93683319652,57618.547740424634,49404.052612070234,2962.1055888409064,-0.2586253082084253
326,-2671210.438019153,10631100.841405198,7453724.776913265,122641.04576828357,36392.55265528306,65904.52297916023,43000.49721513872,7389.2167787259095,-0.25126376636514697
327,-2684849.734872048,10632472.573548501,7461905.120029363,75602.48510316957,74230.7529598666,51459.382941447744,39863.6968853003,3415.342940049948,-0.2525141462909978
328,-2665013.524982205,10672961.80957023,7480595.964772495,91358.72813915821,50869.492117428774,59738.19071717309,40066.25527966342,981.0906943772613,-0.24969765399071708
329,-2682683.8157791044,10635963.288173111,7461267.734172275,70577.6953123022,107576.21670942163,25858.921489689626,45187.1520899097,0.0,-0.25222763026666073
330,-2696760.0594186066,10645011.66735866,7484392.356997325,101069.15825234949,92020.77906680199,61695.38147293884,38570.75864788888,0.0,-0.25333556633740656
331,-2752979.960001068,10608057.54422037,7502022.598641142,89867.94608057594,126822.06921886659,55362.96969180894,36914.96014781471,817.7679001774329,-0.2595178192166751
332,-2778065.9359928835,10572002.147387372,7485766.961875048,68656.45818829106,104711.85502128853,32401.842923045344,46014.37172668365,2643.107962456329,-0.2627757634990094
333,-2700367.5368419643,10652244.572221959,7472397.0911558,147739.03599147845,67496.61115689235,48973.37908959367,54386.3016073845,7956.948201457072,-0.25350220965483267
334,-2722655.310207896,10637721.145481024,7480161.437780798,86075.758968402,100599.18570933619,50019.99356415087,42255.64693915326,0.0,-0.2559434744503054
335,-2688104.380948079,10680886.046808926,7487049.603975324,98213.5919459853,55048.69061808215,51351.23451868082,43600.165387374655,862.9029367805801,-0.25167428705516337
336,-2760169.0642584064,10628871.732425945,7505905.977371051,67698.98218830425,119713.29657128657,53645.250379928024,34191.87921839218,596.9977658096802,-0.25968598866781345
337,-2754341.7191577833,10629493.597564755,7500700.4974092385,69986.61194436322,69364.7468055524,44621.8865364286,49827.36649824121,0.0,-0.25912257191526133
338,-2743055.463525802,10660755.77582287,7507945.854034443,112804.27318657517,81542.0949284605,52479.47560851875,38868.83598284958,6365.283000463717,-0.25730403371088145
339,-2709874.013678018,10694372.755308561,7508381.383672349,89303.77323562885,55686.79374993898,36180.50968636367,35744.98004845794,0.0,-0.25339251545471597
340,-2735691.5173978857,10719221.199743604,7553011.000040161,108204.24031359103,83355.79587854806,73746.06550026432,26098.283238902943,3018.165893549006,-0.25521364532185614
341,-2774116.840674772,10713997.172783058,7579844.035188621,77440.93952988661,82664.96649043303,51414.19473340544,21397.029001005707,3184.1305839401375,-0.25892454477418625
342,-2725301.671492991,10768391.279487757,7583062.507711808,138058.14924548336,83664.04254078519,52598.0785680551,48199.373545003196,1180.2324998650174,-0.25308345515678843
343,-2692342.719642358,10818665.485810172,7600377.762183589,88380.79622937033,38106.58990695619,56409.90719394974,39094.65272216882,0.0,-0.24886088983651922
344,-2764117.111037353,10746756.503855152,7600243.171623564,102531.93420555387,174440.9161605741,44715.73868884474,44850.32924886967,0.0,-0.2572047770921198
345,-2698854.8414100446,10807644.963654587,7580595.814179268,120946.30572147516,60057.84592203991,43372.98591644736,55383.569552532615,7636.773808212111,-0.24971720023058858
346,-2674698.196750619,10838110.298892027,7582529.272433886,101952.0798499088,71486.74461246959,44707.27693300107,40586.202516685575,2187.616161697992,-0.24678639753500678
347,-2690136.8812791025,10842063.693151612,7601921.351221955,98182.58140748074,94229.1871478954,47856.24890294886,28464.170114879897,0.0,-0.24812037241381704
348,-2649855.271222352,10899564.531670127,7614027.075389739,118292.48107973693,60791.64256122206,48104.44488460721,33441.96856983325,2556.752146990557,-0.2431157009551021
349,-2720479.1733942437,10859857.026424425,7634231.192199791,92227.33637866363,131934.84162436673,55065.83154190254,29505.57467378231,5356.140058068493,-0.2505078259110335
350,-2740083.7498755734,10863788.898583623,7644839.082677089,84506.96287475874,80575.09071556166,53138.19020107122,36066.020642158925,6464.279081614776,-0.25222174100168815
351,-2750557.6461201557,10868772.361168139,7645304.525950708,84509.7987697321,79526.33618521591,43436.29106451891,35474.89001315969,7495.957777739064,-0.25306976305321527
352,-2819004.593029339,10843599.688190043,7683874.608608523,112575.92587220606,137748.5988503018,72676.44203899255,31754.263744541284,2352.0956366364444,-0.25996944502659636
353,-2830244.8650590507,10844515.83005088,7696031.022499073,76475.99366713135,75559.85180629333,43699.17489744331,31542.761006893805,0.0,-0.2609839765475055
354,-2839523.734910994,10877048.102940135,7705746.475539307,97114.31242959491,64582.03954033983,58421.26959137633,32657.971700659888,16047.84485048196,-0.26105646569159263
355,-2836347.2224725415,10871219.97287292,7681546.82622561,90972.31098071209,96800.4410479263,37046.58815533965,53648.73406502111,7597.503404014581,-0.2609042250593872
356,-2822128.734801081,10915828.354007132,7693313.167053628,105938.31741472225,61329.93628051086,52106.6687772462,31028.551631861963,9311.776317366803,-0.25853546274984207
357,-2802273.192981009,10934626.272682002,7681377.932592427,116183.89463706345,97385.9759621934,25636.243367526775,32132.672170727754,5438.805657999363,-0.25627516872542166
358,-2799489.792039346,10936154.701229163,7665967.808033094,124257.67383446312,122729.24528730329,34079.86997758545,42412.41845450323,7077.576082414647,-0.25598483822880624
359,-2842603.431128518,10908185.602801848,7681112.348694952,66833.2886883551,94802.38711566909,52738.42398308456,37593.88332122612,0.0,-0.2605936069146435
360,-2848961.8049315405,10914854.27635675,7694139.396052875,93486.03779852543,86817.3642436244,48519.275954522454,35492.228596599445,0.0,-0.261016934610188
361,-2868511.9896923723,10907998.785585567,7701910.5496599795,99205.87435306044,106061.36512424277,46955.732371433325,36722.80857305598,2461.7701912722905,-0.26297325898889745
362,-2934353.4585560756,10862654.588887002,7700766.919126821,61581.68148209637,106925.87818066146,49994.36902877041,40317.54821278049,10820.451349148563,-0.2701322622886357
363,-2934709.780420789,10877944.12503251,7710711.007705125,60943.689399035036,45654.15325352591,52738.038453235196,39943.06515897188,2850.884715959661,-0.2697853332108394
364,-2971711.551566513,10857092.741673063,7725469.680075446,90757.45849655109,111608.84185599828,59326.388429911196,43871.858351612216,695.8577079770844,-0.27371153791107583
365,-3045157.0638860324,10800708.048719848,7742530.49944175,57846.21224771194,114230.9052009282,62217.28666217593,45156.467295871844,0.0,-0.2819405033586626
